"diff","lwr","upr","p adj","comparison"
-0.967794117627198,-2.02037912280729,0.0847908875528895,0.123526239109398,"Arson-Animal Cruelty"
-0.146406072814672,-0.897585395690644,0.604773250061299,0.99999999876835,"Assault Offenses-Animal Cruelty"
0.363653846150127,-6.86138696086688,7.58869465316713,1,"Bribery-Animal Cruelty"
-2.85725503580043,-3.61950190424831,-2.09500816735255,0,"Burglary/Breaking & Entering-Animal Cruelty"
-1.45859427607058,-2.25533736647009,-0.661851185671068,7.61014784522729e-09,"Counterfeiting/Forgery-Animal Cruelty"
-1.34713096935178,-2.09870734446908,-0.595554594234483,1.9426696806768e-08,"Destruction/Damage/Vandalism of Property-Animal Cruelty"
0.199844851320126,-0.555796250513189,0.955485953153441,0.999999403934153,"Drug/Narcotic Offenses-Animal Cruelty"
-1.59543103446184,-2.66229387073124,-0.52856819819244,1.44056655212443e-05,"Embezzlement-Animal Cruelty"
-1.27023584903566,-2.31294277341734,-0.227528924653976,0.00226058123170925,"Extortion/Blackmail-Animal Cruelty"
-1.75060712697213,-2.50718856002711,-0.994025693917144,2.52575738102223e-13,"Fraud Offenses-Animal Cruelty"
1.06295454546976,-6.78501499952771,8.91092409046723,0.999999999999863,"Gambling Offenses-Animal Cruelty"
0.51032296651247,-0.536010439141975,1.55665637216692,0.986405997754714,"Homicide Offenses-Animal Cruelty"
-4.86711538461585,-6.71871988215267,-3.01551088707902,1.91291427142914e-13,"Human Trafficking-Animal Cruelty"
-0.119537037013227,-1.3661462427453,1.12707216871885,1,"Kidnapping/Abduction-Animal Cruelty"
-1.48490595134014,-2.23502784878471,-0.734784053895562,1.66072378071647e-10,"Larceny/Theft Offenses-Animal Cruelty"
-1.30484035300783,-2.05889814179974,-0.550782564215931,8.50262097396026e-08,"Motor Vehicle Theft-Animal Cruelty"
-1.51101218246099,-2.46362900768633,-0.558395357235638,2.16869888014504e-06,"Pornography/Obscene Material-Animal Cruelty"
-3.87365646257091,-5.17795399978698,-2.56935892535483,2.17714735128993e-13,"Prostitution Offenses-Animal Cruelty"
-0.285561694270129,-1.05892360269227,0.487800214152015,0.999757998824422,"Robbery-Animal Cruelty"
-2.47420020118937,-3.27661956433585,-1.67178083804289,5.32907051820075e-14,"Sex Offenses-Animal Cruelty"
-2.72865384613913,-4.72921291137754,-0.728094780900729,0.000182696599108079,"Sex Offenses, Non-forcible-Animal Cruelty"
-0.483923825323016,-1.33172387978567,0.363876229139642,0.92335068705695,"Stolen Property Offenses-Animal Cruelty"
-0.213356280628167,-0.989023297842805,0.562310736586471,0.999998731033746,"Weapon Law Violations-Animal Cruelty"
0.821388044812526,0.0775461800731995,1.56522990955185,0.0127009355199889,"Assault Offenses-Arson"
1.33144796377733,-5.89283366194045,8.5557295894951,0.999999999621193,"Bribery-Arson"
-1.88946091817323,-2.64447789353277,-1.13444394281368,3.05311331771918e-13,"Burglary/Breaking & Entering-Arson"
-0.490800158443383,-1.28062918850106,0.299028871614289,0.838963617768117,"Counterfeiting/Forgery-Arson"
-0.379336851724583,-1.12357968323654,0.364905979787373,0.976930186295984,"Destruction/Damage/Vandalism of Property-Arson"
1.16763896894732,0.419291576754138,1.91598636114051,3.76479659724982e-06,"Drug/Narcotic Offenses-Arson"
-0.627636916834643,-1.68934622546637,0.434072391797088,0.894108307623352,"Embezzlement-Arson"
-0.302441731408459,-1.33987513880191,0.734991675984989,0.999996195315177,"Extortion/Blackmail-Arson"
-0.782813009344929,-1.53210988606737,-0.0335161326224863,0.0285073432483904,"Fraud Offenses-Arson"
2.03074866309696,-5.81652196584341,9.87801929203733,0.999999609466397,"Gambling Offenses-Arson"
1.47811708413967,0.437038825596679,2.51919534268266,6.40157385097817e-05,"Homicide Offenses-Arson"
-3.89932126698865,-5.74796118863945,-2.05068134533785,4.81359396786729e-12,"Human Trafficking-Arson"
0.848257080613971,-0.39394453604833,2.09045869727627,0.688558875387875,"Kidnapping/Abduction-Arson"
-0.517111833712937,-1.25988582736667,0.2256621599408,0.651040815440497,"Larceny/Theft Offenses-Arson"
-0.337046235380637,-1.08379485001625,0.409702379254979,0.995040199620562,"Motor Vehicle Theft-Arson"
-0.543218064833788,-1.49005974131666,0.403623611649084,0.919545206650354,"Pornography/Obscene Material-Arson"
-2.90586234494371,-4.20594788451808,-1.60577680536934,4.08895139969445e-13,"Prostitution Offenses-Arson"
0.682232423357069,-0.084004476055127,1.44846932276927,0.165082687547271,"Robbery-Arson"
-1.50640608356217,-2.30196071963368,-0.71085144749066,1.56833435127623e-09,"Sex Offenses-Arson"
-1.76085972851194,-3.75867526507432,0.236955808050446,0.179796012503161,"Sex Offenses, Non-forcible-Arson"
0.483870292304182,-0.357435405388019,1.32517598999638,0.917638061773444,"Stolen Property Offenses-Arson"
0.754437836999031,-0.0141255411404227,1.52300121513849,0.0622335609674897,"Weapon Law Violations-Arson"
0.510059918964799,-6.67649559739141,7.69661543532101,1,"Bribery-Assault Offenses"
-2.71084896298575,-2.87328607410114,-2.54841185187037,0,"Burglary/Breaking & Entering-Assault Offenses"
-1.31218820325591,-1.59532258602897,-1.02905382048285,0,"Counterfeiting/Forgery-Assault Offenses"
-1.20072489653711,-1.30188108390778,-1.09956870916643,0,"Destruction/Damage/Vandalism of Property-Assault Offenses"
0.346250924134798,0.218348612237086,0.47415323603251,2.34590125103296e-13,"Drug/Narcotic Offenses-Assault Offenses"
-1.44902496164717,-2.21293715425945,-0.685112769034886,1.44076084396261e-09,"Embezzlement-Assault Offenses"
-1.12382977622099,-1.85362649912567,-0.3940330533163,5.77416311087209e-06,"Extortion/Blackmail-Assault Offenses"
-1.60420105415746,-1.73754643822622,-1.47085567008869,0,"Fraud Offenses-Assault Offenses"
1.20936061828443,-6.60319283790495,9.02191407447381,0.999999999991046,"Gambling Offenses-Assault Offenses"
0.656729039327143,-0.0782397507567234,1.39169782941101,0.160088851090369,"Homicide Offenses-Assault Offenses"
-4.72070931180117,-6.41593930855899,-3.02547931504336,2.42583730880597e-13,"Human Trafficking-Assault Offenses"
0.026869035801445,-0.972830938403252,1.02656901000614,1,"Kidnapping/Abduction-Assault Offenses"
-1.33849987852546,-1.42821268493993,-1.248787072111,0,"Larceny/Theft Offenses-Assault Offenses"
-1.15843428019316,-1.27662343133086,-1.04024512905547,0,"Motor Vehicle Theft-Assault Offenses"
-1.36460610964631,-1.95861313175239,-0.770599087540234,2.68562949656825e-13,"Pornography/Obscene Material-Assault Offenses"
-3.72725038975624,-4.7980246853932,-2.65647609411927,0,"Prostitution Offenses-Assault Offenses"
-0.139155621455457,-0.347612254852558,0.0693010119416452,0.729983661952431,"Robbery-Assault Offenses"
-2.3277941283747,-2.626528727913,-2.02905952883639,0,"Sex Offenses-Assault Offenses"
-2.58224777332446,-4.43901973027461,-0.725475816374316,0.000111135217674696,"Sex Offenses, Non-forcible-Assault Offenses"
-0.337517752508344,-0.742647927829559,0.0676124228128713,0.274883827951998,"Stolen Property Offenses-Assault Offenses"
-0.0669502078134947,-0.283802342235932,0.149901926608942,0.999989057729788,"Weapon Law Violations-Assault Offenses"
-3.22090888195055,-10.4086296683342,3.96681190443313,0.995505481961288,"Burglary/Breaking & Entering-Bribery"
-1.82224812222071,-9.01370898679147,5.36921274235005,0.999999741515803,"Counterfeiting/Forgery-Bribery"
-1.71078481550191,-8.89738184484674,5.47581221384292,0.99999992516254,"Destruction/Damage/Vandalism of Property-Bribery"
-0.163808994830001,-7.35083225132036,7.02321426166036,1,"Drug/Narcotic Offenses-Bribery"
-1.95908488061197,-9.18546060610302,5.26729084487908,0.999999038794826,"Embezzlement-Bribery"
-1.63388969518578,-8.85673868604161,5.58895929567004,0.999999973262443,"Extortion/Blackmail-Bribery"
-2.11426097312225,-9.3013831565415,5.07286121029699,0.999995498516328,"Fraud Offenses-Bribery"
0.699300699319632,-9.9154501594505,11.3140515580898,1,"Gambling Offenses-Bribery"
0.146669120362343,-7.0767042889487,7.37004252967339,1,"Homicide Offenses-Bribery"
-5.23076923076597,-12.613908741154,2.15237027962201,0.615578302387444,"Human Trafficking-Bribery"
-0.483190883163354,-7.73828180791195,6.77190004158524,1,"Kidnapping/Abduction-Bribery"
-1.84855979749026,-9.03500486272101,5.33788526774048,0.99999965287444,"Larceny/Theft Offenses-Bribery"
-1.66849419915796,-8.85535115915036,5.51836276083444,0.999999954786718,"Motor Vehicle Theft-Bribery"
-1.87466602861111,-9.08506051367612,5.3357284564539,0.999999572228533,"Pornography/Obscene Material-Bribery"
-4.23731030872104,-11.5025358303509,3.02791521290879,0.906240604600349,"Prostitution Offenses-Bribery"
-0.649215540420256,-7.83812355596419,6.53969247512368,1,"Robbery-Bribery"
-2.8378540473395,-10.0299459995399,4.35423790486091,0.999303204265407,"Sex Offenses-Bribery"
-3.09230769228926,-10.5142041068225,4.32958872224396,0.998409843679494,"Sex Offenses, Non-forcible-Bribery"
-0.847577671473143,-8.04487402127703,6.34971867833074,1,"Stolen Property Offenses-Bribery"
-0.577010126778294,-7.76616648452627,6.61214623096968,1,"Weapon Law Violations-Bribery"
1.39866075972984,1.08734903163327,1.70997248782642,0,"Counterfeiting/Forgery-Burglary/Breaking & Entering"
1.51012406644865,1.34586059642086,1.67438753647643,0,"Destruction/Damage/Vandalism of Property-Burglary/Breaking & Entering"
3.05709988712055,2.87514133488688,3.23905843935423,0,"Drug/Narcotic Offenses-Burglary/Breaking & Entering"
1.26182400133859,0.487026123589878,2.03662187908729,8.61240826433018e-07,"Embezzlement-Burglary/Breaking & Entering"
1.58701918676477,0.845835558974318,2.32820281455522,2.01105798680601e-12,"Extortion/Blackmail-Burglary/Breaking & Entering"
1.1066479088283,0.920822978330151,1.29247283932645,0,"Fraud Offenses-Burglary/Breaking & Entering"
3.92020958127019,-3.89341578850272,11.7338349510431,0.980838269534392,"Gambling Offenses-Burglary/Breaking & Entering"
3.3675780023129,2.62130122005343,4.11385478457236,0,"Homicide Offenses-Burglary/Breaking & Entering"
-2.00986034881542,-3.71002347488589,-0.309697222744954,0.00399794467404258,"Human Trafficking-Burglary/Breaking & Entering"
2.7377179987872,1.72967536488372,3.74576063269068,2.24376073276744e-13,"Kidnapping/Abduction-Burglary/Breaking & Entering"
1.37234908446029,1.21487432147601,1.52982384744457,0,"Larceny/Theft Offenses-Burglary/Breaking & Entering"
1.55241468279259,1.37714749022979,1.72768187535539,0,"Motor Vehicle Theft-Burglary/Breaking & Entering"
1.34624285333944,0.738300211593092,1.95418549508579,5.28244115116649e-13,"Pornography/Obscene Material-Burglary/Breaking & Entering"
-1.01640142677048,-2.09496876613276,0.0621659125917977,0.0969203956324567,"Prostitution Offenses-Burglary/Breaking & Entering"
2.5716933415303,2.32632814157429,2.8170585414863,0,"Robbery-Burglary/Breaking & Entering"
0.383054834611057,0.0574902875493297,0.708619381672785,0.00435768059294861,"Sex Offenses-Burglary/Breaking & Entering"
0.128601189661293,-1.73267579495402,1.9898781742766,1,"Sex Offenses, Non-forcible-Burglary/Breaking & Entering"
2.37333121047741,1.94803087859652,2.7986315423583,0,"Stolen Property Offenses-Burglary/Breaking & Entering"
2.64389875517226,2.3913621013064,2.89643540903811,0,"Weapon Law Violations-Burglary/Breaking & Entering"
0.1114633067188,-0.172722814030147,0.395649427467748,0.99936531748248,"Destruction/Damage/Vandalism of Property-Counterfeiting/Forgery"
1.65843912739071,1.3636711196766,1.95320713510481,0,"Drug/Narcotic Offenses-Counterfeiting/Forgery"
-0.13683675839126,-0.945595693429797,0.671922176647277,0.999999999938928,"Embezzlement-Counterfeiting/Forgery"
0.188358427034924,-0.5882575873154,0.964974441385247,0.999999891334459,"Extortion/Blackmail-Counterfeiting/Forgery"
-0.292012850901546,-0.589183119325912,0.00515741752281934,0.0614908404023612,"Fraud Offenses-Counterfeiting/Forgery"
2.52154882154034,-5.29551716787024,10.3386148109509,0.999975940965325,"Gambling Offenses-Counterfeiting/Forgery"
1.96891724258305,1.18743896433067,2.75039552083543,2.84994250421278e-13,"Homicide Offenses-Counterfeiting/Forgery"
-3.40852110854527,-5.1244272595018,-1.69261495758873,1.38237865598967e-10,"Human Trafficking-Counterfeiting/Forgery"
1.33905723905735,0.30468341136843,2.37343106674628,0.000630470345665324,"Kidnapping/Abduction-Counterfeiting/Forgery"
-0.0263116752695538,-0.306628575612225,0.254005225073118,1,"Larceny/Theft Offenses-Counterfeiting/Forgery"
0.153753923062746,-0.136931220055393,0.444439066180886,0.96493670940897,"Motor Vehicle Theft-Counterfeiting/Forgery"
-0.0524179063904047,-0.703089497359533,0.598253684578724,1,"Pornography/Obscene Material-Counterfeiting/Forgery"
-2.41506218650033,-3.5182787423858,-1.31184563061486,7.943645741193e-13,"Prostitution Offenses-Counterfeiting/Forgery"
1.17303258180045,0.835418386319549,1.51064677728136,0,"Robbery-Counterfeiting/Forgery"
-1.01560592511879,-1.4153202455331,-0.615891604704475,2.61235477694299e-13,"Sex Offenses-Counterfeiting/Forgery"
-1.27005957006855,-3.14572779155641,0.605608651419309,0.704331130162407,"Sex Offenses, Non-forcible-Counterfeiting/Forgery"
0.974670450747565,0.490253650936945,1.45908725055819,6.94099222542377e-11,"Stolen Property Offenses-Counterfeiting/Forgery"
1.24523799544241,0.90237647064482,1.58809952024001,0,"Weapon Law Violations-Counterfeiting/Forgery"
1.54697582067191,1.41676186632432,1.67718977501949,0,"Drug/Narcotic Offenses-Destruction/Damage/Vandalism of Property"
-0.24830006511006,-1.01260269531603,0.516002565095907,0.999972707015276,"Embezzlement-Destruction/Damage/Vandalism of Property"
0.0768951203161237,-0.653310281800618,0.807100522432865,1,"Extortion/Blackmail-Destruction/Damage/Vandalism of Property"
-0.403476157620346,-0.539040400584708,-0.267911914655985,2.35145236615608e-13,"Fraud Offenses-Destruction/Damage/Vandalism of Property"
2.41008551482154,-5.40250612805438,10.2226771576975,0.999989217267793,"Gambling Offenses-Destruction/Damage/Vandalism of Property"
1.85745393586425,1.12207934090234,2.59282853082616,2.79554157600614e-13,"Homicide Offenses-Destruction/Damage/Vandalism of Property"
-3.51998441526407,-5.21539038860071,-1.82457844192743,1.2004175431457e-11,"Human Trafficking-Destruction/Damage/Vandalism of Property"
1.22759393233855,0.227595576868443,2.22759228780866,0.00194189767016528,"Kidnapping/Abduction-Destruction/Damage/Vandalism of Property"
-0.137774981988354,-0.230753797601451,-0.044796166375257,1.89678503990098e-05,"Larceny/Theft Offenses-Destruction/Damage/Vandalism of Property"
0.042290616343946,-0.0783963670664623,0.162977599754354,0.999898712849421,"Motor Vehicle Theft-Destruction/Damage/Vandalism of Property"
-0.163881213109205,-0.75839026672352,0.43062784050511,0.999998677451801,"Pornography/Obscene Material-Destruction/Damage/Vandalism of Property"
-2.52652549321913,-3.59757836993198,-1.45547261650627,2.1449508835758e-13,"Prostitution Offenses-Destruction/Damage/Vandalism of Property"
1.06156927508165,0.851686354086853,1.27145219607645,0,"Robbery-Destruction/Damage/Vandalism of Property"
-1.12706923183759,-1.42680083424108,-0.827337629434093,0,"Sex Offenses-Destruction/Damage/Vandalism of Property"
-1.38152287678735,-3.23845550147639,0.475409747901688,0.5112798180127,"Sex Offenses, Non-forcible-Destruction/Damage/Vandalism of Property"
0.863207144028765,0.457341240713577,1.26907304734395,2.97462054987818e-12,"Stolen Property Offenses-Destruction/Damage/Vandalism of Property"
1.13377468872361,0.915551131971319,1.35199824547591,0,"Weapon Law Violations-Destruction/Damage/Vandalism of Property"
-1.79527588578197,-2.56357591681488,-1.02697585474906,2.30038210702332e-13,"Embezzlement-Drug/Narcotic Offenses"
-1.47008070035578,-2.20446912375711,-0.73569227695446,9.15795217437676e-11,"Extortion/Blackmail-Drug/Narcotic Offenses"
-1.95045197829225,-2.10698980476212,-1.79391415182239,0,"Fraud Offenses-Drug/Narcotic Offenses"
0.863109694149633,-6.94987402562607,8.67609341392533,1,"Gambling Offenses-Drug/Narcotic Offenses"
0.310478115192344,-0.429050262938479,1.05000649332317,0.998220879715741,"Homicide Offenses-Drug/Narcotic Offenses"
-5.06696023593597,-6.76417202047288,-3.36974845139906,2.43027820090447e-13,"Human Trafficking-Drug/Narcotic Offenses"
-0.319381888333353,-1.3224387850687,0.683675008401989,0.999980913848117,"Kidnapping/Abduction-Drug/Narcotic Offenses"
-1.68475080266026,-1.80628881028842,-1.5632127950321,0,"Larceny/Theft Offenses-Drug/Narcotic Offenses"
-1.50468520432796,-1.6485315637192,-1.36083884493673,0,"Motor Vehicle Theft-Drug/Narcotic Offenses"
-1.71085703378111,-2.31049646041582,-1.11121760714641,2.12385664610792e-13,"Pornography/Obscene Material-Drug/Narcotic Offenses"
-4.07350131389103,-5.14741038446465,-2.99959224331741,0,"Prostitution Offenses-Drug/Narcotic Offenses"
-0.485406545590255,-0.70940937519452,-0.26140371598599,1.23712151633981e-12,"Robbery-Drug/Narcotic Offenses"
-2.6740450525095,-2.98382797751469,-2.3642621275043,0,"Sex Offenses-Drug/Narcotic Offenses"
-2.92849869745926,-4.78708019951397,-1.06991719540455,2.71595711220929e-06,"Sex Offenses, Non-forcible-Drug/Narcotic Offenses"
-0.683768676643142,-1.09711303504091,-0.270424318245375,4.8696197574305e-07,"Stolen Property Offenses-Drug/Narcotic Offenses"
-0.413201131948293,-0.64503716854966,-0.181365095346926,2.48003083624937e-08,"Weapon Law Violations-Drug/Narcotic Offenses"
0.325195185426184,-0.726721728145799,1.37711209899817,0.999988791587268,"Extortion/Blackmail-Embezzlement"
-0.155176092510287,-0.924400980139928,0.614048795119355,0.999999997469382,"Fraud Offenses-Embezzlement"
2.6583855799316,-5.19081294234525,10.5075841022084,0.999943446823445,"Gambling Offenses-Embezzlement"
2.10575400097431,1.0502422489347,3.16126575301392,1.0985301557298e-10,"Homicide Offenses-Embezzlement"
-3.27168435015401,-5.12849093087368,-1.41487776943433,4.03391637870953e-08,"Human Trafficking-Embezzlement"
1.47589399744861,0.221571082597235,2.73021691229999,0.00435368343662801,"Kidnapping/Abduction-Embezzlement"
0.110525083121706,-0.652347333427187,0.873397499670599,0.999999999997957,"Larceny/Theft Offenses-Embezzlement"
0.290590681454006,-0.476152177490919,1.05733354039893,0.999631067128468,"Motor Vehicle Theft-Embezzlement"
0.0844188520008551,-0.8782702351959,1.04710793919761,1,"Pornography/Obscene Material-Embezzlement"
-2.27822542810907,-3.5898974635254,-0.966553392692737,7.306988603073e-08,"Prostitution Offenses-Embezzlement"
1.30986934019171,0.524133949424794,2.09560473095863,3.64951715847717e-07,"Robbery-Embezzlement"
-0.878769166727528,-1.69312062479566,-0.0644177086593913,0.0180196514278504,"Sex Offenses-Embezzlement"
-1.13322281167729,-3.13859759869663,0.872151975342047,0.930434913565688,"Sex Offenses, Non-forcible-Embezzlement"
1.11150720913882,0.252405122508728,1.97060929576892,0.00063879296828373,"Stolen Property Offenses-Embezzlement"
1.38207475383367,0.594070448959674,2.17007905870767,4.89084281962704e-08,"Weapon Law Violations-Embezzlement"
-0.48037127793647,-1.21572720977462,0.254984653901675,0.766580225857108,"Fraud Offenses-Extortion/Blackmail"
2.33319039450542,-5.5127613553369,10.1791421443477,0.999994498060077,"Gambling Offenses-Extortion/Blackmail"
1.78055881554813,0.749468869212483,2.81164876188377,9.23961135379514e-08,"Homicide Offenses-Extortion/Blackmail"
-3.59687953558019,-5.43991293108462,-1.75384614007576,3.48000295247175e-10,"Human Trafficking-Extortion/Blackmail"
1.15069881202243,-0.0831437198518659,2.38454134389673,0.107613876027114,"Kidnapping/Abduction-Extortion/Blackmail"
-0.214670102304478,-0.943378372239615,0.514038167630659,0.999995378647622,"Larceny/Theft Offenses-Extortion/Blackmail"
-0.0346045039721776,-0.76736369394099,0.698154685996635,1,"Motor Vehicle Theft-Extortion/Blackmail"
-0.240776333425329,-1.17662445002782,0.695071783177165,0.999999651479428,"Pornography/Obscene Material-Extortion/Blackmail"
-2.60342061353525,-3.89552159536056,-1.31131963170994,6.43068931438506e-11,"Prostitution Offenses-Extortion/Blackmail"
0.984674154765528,0.232064346801033,1.73728396273002,0.000495782615991702,"Robbery-Extortion/Blackmail"
-1.20396435215371,-1.98640266665423,-0.421526037653193,5.91895239843154e-06,"Sex Offenses-Extortion/Blackmail"
-1.45841799710348,-3.45104677717105,0.534210782964094,0.546768978628368,"Sex Offenses, Non-forcible-Extortion/Blackmail"
0.786312023712641,-0.0426016111088037,1.61522565853409,0.0905345418891577,"Stolen Property Offenses-Extortion/Blackmail"
1.05687956840749,0.301901288428081,1.8118578483869,9.35265742918467e-05,"Weapon Law Violations-Extortion/Blackmail"
2.81356167244189,-4.99951304853345,10.6266363934172,0.999839890762857,"Gambling Offenses-Fraud Offenses"
2.2609300934846,1.52044092264922,3.00141926431998,9.59232693276135e-14,"Homicide Offenses-Fraud Offenses"
-3.11650825764372,-4.81413890994552,-1.41887760534192,6.70687372306134e-09,"Human Trafficking-Fraud Offenses"
1.6310700899589,0.627304615282669,2.63483556463513,9.3302356962699e-07,"Kidnapping/Abduction-Fraud Offenses"
0.265701175631992,0.138447580940572,0.392954770323413,8.67272920146434e-12,"Larceny/Theft Offenses-Fraud Offenses"
0.445766773964293,0.297059796408503,0.594473751520082,2.26263452418607e-13,"Motor Vehicle Theft-Fraud Offenses"
0.239594944511142,-0.361229016427886,0.840418905450169,0.999179411191178,"Pornography/Obscene Material-Fraud Offenses"
-2.12304933559878,-3.19762026481842,-1.04847840637914,1.8392254386157e-10,"Prostitution Offenses-Fraud Offenses"
1.465045432702,1.23789073269695,1.69220013270705,0,"Robbery-Fraud Offenses"
-0.723593074217241,-1.03566269896217,-0.411523449472312,2.44471110022459e-13,"Sex Offenses-Fraud Offenses"
-0.978046719167006,-2.83701072899711,0.880917290663094,0.966935952633788,"Sex Offenses, Non-forcible-Fraud Offenses"
1.26668330164911,0.851622404089575,1.68174419920865,1.01252339845814e-13,"Stolen Property Offenses-Fraud Offenses"
1.53725084634396,1.3023680288994,1.77213366378852,0,"Weapon Law Violations-Fraud Offenses"
-0.552631578957289,-8.39906610213332,7.29380294421874,1,"Homicide Offenses-Gambling Offenses"
-5.93006993008561,-13.9238275162274,2.06368765605615,0.517562402770036,"Human Trafficking-Gambling Offenses"
-1.18249158248299,-9.05813477161467,6.69315160664869,0.999999999995549,"Kidnapping/Abduction-Gambling Offenses"
-2.54786049680989,-10.360312352132,5.26459135851223,0.999970778262082,"Larceny/Theft Offenses-Gambling Offenses"
-2.36779489847759,-10.1806256453668,5.44503584841165,0.999992199836368,"Motor Vehicle Theft-Gambling Offenses"
-2.57396672793075,-10.4084545826921,5.26052112683058,0.999966719046649,"Pornography/Obscene Material-Gambling Offenses"
-4.93661100804067,-12.8215912360621,2.94836921998072,0.829208897690161,"Prostitution Offenses-Gambling Offenses"
-1.34851623973989,-9.16323375044356,6.46620127096378,0.999999999906823,"Robbery-Gambling Offenses"
-3.53715474665913,-11.3548013212398,4.28049182792153,0.994872277945828,"Sex Offenses-Gambling Offenses"
-3.79160839160889,-11.8211761075079,4.23795932429013,0.990968539287087,"Sex Offenses, Non-forcible-Gambling Offenses"
-1.54687837079278,-9.36931316202288,6.27555642043733,0.999999998331021,"Stolen Property Offenses-Gambling Offenses"
-1.27631082609793,-9.0912567921488,6.53863513995295,0.999999999971457,"Weapon Law Violations-Gambling Offenses"
-5.37743835112832,-7.22252587278671,-3.53235082946992,2.25264251696444e-13,"Human Trafficking-Homicide Offenses"
-0.629860003525698,-1.86676875484768,0.607048747796281,0.977178484273625,"Kidnapping/Abduction-Homicide Offenses"
-1.99522891785261,-2.72911692586662,-1.26134090983859,2.23709939461969e-13,"Larceny/Theft Offenses-Homicide Offenses"
-1.81516331952031,-2.55307381281788,-1.07725282622273,1.68309810533174e-13,"Motor Vehicle Theft-Homicide Offenses"
-2.02133514897346,-2.9612221437677,-1.08144815417921,1.56397117478946e-12,"Pornography/Obscene Material-Homicide Offenses"
-4.38397942908338,-5.67900870013051,-3.08895015803625,0,"Prostitution Offenses-Homicide Offenses"
-0.795884660782599,-1.55351081442256,-0.0382585071426397,0.0264377167941507,"Robbery-Homicide Offenses"
-2.98452316770184,-3.7717877875301,-2.19725854787358,0,"Sex Offenses-Homicide Offenses"
-3.2389768126516,-5.23350565946944,-1.24444796583376,9.54211961334828e-07,"Sex Offenses, Non-forcible-Homicide Offenses"
-0.994246791835486,-1.82771765493019,-0.160775928740786,0.0033809834050712,"Stolen Property Offenses-Homicide Offenses"
-0.723679247140637,-1.48365823953161,0.0362997452503317,0.0869812871255393,"Weapon Law Violations-Homicide Offenses"
4.74757834760262,2.78198203131408,6.71317466389115,1.83519865970538e-13,"Kidnapping/Abduction-Human Trafficking"
3.38220943327571,1.68744773090663,5.07697113564479,1.07873598942376e-10,"Larceny/Theft Offenses-Human Trafficking"
3.56227503160801,1.86576758522623,5.25878247798979,6.2595484351391e-12,"Motor Vehicle Theft-Human Trafficking"
3.35610320215486,1.56249979490634,5.14970660940339,2.76888911798778e-09,"Pornography/Obscene Material-Human Trafficking"
0.993458922044939,-1.00922089070073,2.99613873479061,0.98327216727271,"Prostitution Offenses-Human Trafficking"
4.58155369034572,2.87637833039313,6.28672905029831,2.60458321577062e-13,"Robbery-Human Trafficking"
2.39291518342648,0.674366027555893,4.11146433929706,0.000107673739698999,"Sex Offenses-Human Trafficking"
2.13846153847671,-0.373862274310695,4.65078535126412,0.236128501091705,"Sex Offenses, Non-forcible-Human Trafficking"
4.38319155929283,2.64299062286681,6.12339249571885,2.86326518050828e-13,"Stolen Property Offenses-Human Trafficking"
4.65375910398768,2.94753705267497,6.35998115530039,2.1183055309848e-13,"Weapon Law Violations-Human Trafficking"
-1.36536891432691,-2.36427457770775,-0.366463250946069,0.000173147021344189,"Larceny/Theft Offenses-Kidnapping/Abduction"
-1.18530331599461,-2.18716798357512,-0.183438648414098,0.00394004633303702,"Motor Vehicle Theft-Kidnapping/Abduction"
-1.39147514544776,-2.55018497927627,-0.232765311619251,0.00298122868335549,"Pornography/Obscene Material-Kidnapping/Abduction"
-3.75411942555768,-5.21573556151691,-2.29250328959845,2.39031017201796e-13,"Prostitution Offenses-Kidnapping/Abduction"
-0.166024657256902,-1.18249812208853,0.850448807574723,0.999999999971391,"Robbery-Kidnapping/Abduction"
-2.35466316417614,-3.39341553970212,-1.31591078865016,3.13749026759069e-13,"Sex Offenses-Kidnapping/Abduction"
-2.60911680912591,-4.71562250264207,-0.502611115609739,0.0016220710446363,"Sex Offenses, Non-forcible-Kidnapping/Abduction"
-0.364386788309789,-1.43858164756734,0.709808070947764,0.999941879719973,"Stolen Property Offenses-Kidnapping/Abduction"
-0.0938192436149397,-1.1120475995858,0.924409112355921,1,"Weapon Law Violations-Kidnapping/Abduction"
0.1800655983323,0.0687949312358368,0.291336265428763,1.0805868531083e-06,"Motor Vehicle Theft-Larceny/Theft Offenses"
-0.0261062311208509,-0.618775471271524,0.566563009029822,1,"Pornography/Obscene Material-Larceny/Theft Offenses"
-2.38875051123077,-3.45878325750832,-1.31871776495322,4.2454928461666e-13,"Prostitution Offenses-Larceny/Theft Offenses"
1.19934425707001,0.994730831516606,1.40395768262341,0,"Robbery-Larceny/Theft Offenses"
-0.989294249849234,-1.2853598622914,-0.693228637407068,0,"Sex Offenses-Larceny/Theft Offenses"
-1.243747894799,-3.10009230950924,0.612596519911245,0.723508537446664,"Sex Offenses, Non-forcible-Larceny/Theft Offenses"
1.00098212601712,0.597815975571373,1.40414827646286,1.56541446472147e-13,"Stolen Property Offenses-Larceny/Theft Offenses"
1.27154967071197,1.05838932235184,1.48471001907209,0,"Weapon Law Violations-Larceny/Theft Offenses"
-0.206171829453151,-0.803814796476662,0.39147113757036,0.999922389038734,"Pornography/Obscene Material-Motor Vehicle Theft"
-2.56881610956307,-3.64161169396775,-1.4960205251584,1.96731519963578e-13,"Prostitution Offenses-Motor Vehicle Theft"
1.01927865873771,0.800676413258419,1.23788090421699,0,"Robbery-Motor Vehicle Theft"
-1.16935984818153,-1.4752603788817,-0.863459317481366,0,"Sex Offenses-Motor Vehicle Theft"
-1.4238134931313,-3.28175183275342,0.434124846490823,0.446675947205374,"Sex Offenses, Non-forcible-Motor Vehicle Theft"
0.820916527684819,0.410473800039254,1.23135925533038,9.58679802209872e-11,"Stolen Property Offenses-Motor Vehicle Theft"
1.09148407237967,0.864861871514661,1.31810627324468,0,"Weapon Law Violations-Motor Vehicle Theft"
-2.36264428010992,-3.58320400121448,-1.14208455900536,5.27825561036366e-10,"Prostitution Offenses-Pornography/Obscene Material"
1.22545048819086,0.603628481027014,1.8472724953547,2.09926076522038e-10,"Robbery-Pornography/Obscene Material"
-0.963188018728383,-1.62079793467197,-0.305578102784798,2.66783213476174e-05,"Sex Offenses-Pornography/Obscene Material"
-1.21764166367815,-3.16464205933874,0.729358731982441,0.830655540319062,"Sex Offenses, Non-forcible-Pornography/Obscene Material"
1.02708835713797,0.314811094029133,1.73936562024681,4.16835614535094e-05,"Stolen Property Offenses-Pornography/Obscene Material"
1.29765590183282,0.672969349400654,1.92234245426498,1.1646017483713e-11,"Weapon Law Violations-Pornography/Obscene Material"
3.58809476830078,2.50164373006722,4.67454580653433,0,"Robbery-Prostitution Offenses"
1.39945626138154,0.292133340354061,2.50677918240902,0.00106599727645262,"Sex Offenses-Prostitution Offenses"
1.14500261643177,-0.996147492875835,3.28615272573938,0.960505135723278,"Sex Offenses, Non-forcible-Prostitution Offenses"
3.38973263724789,2.24909590742226,4.53036936707352,2.10165218561542e-13,"Stolen Property Offenses-Prostitution Offenses"
3.66030018194274,2.57220710748859,4.74839325639689,0,"Weapon Law Violations-Prostitution Offenses"
-2.18863850691924,-2.53943848873687,-1.83783852510161,0,"Sex Offenses-Robbery"
-2.443092151869,-4.30894862180403,-0.577235681933975,0.000486976700521335,"Sex Offenses, Non-forcible-Robbery"
-0.198362131052887,-0.643276420818608,0.246552158712834,0.995808978487578,"Stolen Property Offenses-Robbery"
0.0722054136419619,-0.21212382243042,0.356534649714344,0.999999730064877,"Weapon Law Violations-Robbery"
-0.254453644949765,-2.13254005386509,1.62363276396556,0.999999999999862,"Sex Offenses, Non-forcible-Sex Offenses"
1.99027637586635,1.49657918305299,2.48397356867972,0,"Stolen Property Offenses-Sex Offenses"
2.2608439205612,1.90499099105301,2.61669685006939,0,"Weapon Law Violations-Sex Offenses"
2.24473002081612,0.346810987414809,4.14264905421743,0.00396243774456162,"Stolen Property Offenses-Sex Offenses, Non-forcible"
2.51529756551097,0.648484493295453,4.38211063772648,0.000247199142502375,"Weapon Law Violations-Sex Offenses, Non-forcible"
0.270567544694849,-0.178341583563921,0.719476672953619,0.874669959019322,"Weapon Law Violations-Stolen Property Offenses"
